"Name","LastWriteTime","PSPath"
"mvs_37542264e3c3402587e6597da77c2560","7/8/2026 7:02:36 PM","Microsoft.PowerShell.Core\FileSystem::C:\Users\ynotf\.mavis\sessions\mvs_37542264e3c3402587e6597da77c2560"
"mvs_b395f4770778433fbe701e8b2b3e6309","6/30/2026 8:59:33 PM","Microsoft.PowerShell.Core\FileSystem::C:\Users\ynotf\.mavis\sessions\mvs_b395f4770778433fbe701e8b2b3e6309"
"mvs_e495f81dcf614d3f8634735ac78b9db8","6/29/2026 5:00:07 PM","Microsoft.PowerShell.Core\FileSystem::C:\Users\ynotf\.mavis\sessions\mvs_e495f81dcf614d3f8634735ac78b9db8"
"mvs_30e1bc3689374e1cba90b32a9e338a9d","6/28/2026 3:59:59 PM","Microsoft.PowerShell.Core\FileSystem::C:\Users\ynotf\.mavis\sessions\mvs_30e1bc3689374e1cba90b32a9e338a9d"
"mvs_e37a0a4800ec47dbad2d38cfa417edf0","6/19/2026 2:13:24 PM","Microsoft.PowerShell.Core\FileSystem::C:\Users\ynotf\.mavis\sessions\mvs_e37a0a4800ec47dbad2d38cfa417edf0"
"mvs_173a60b402be48448c6c60b56a6722cb","6/17/2026 6:02:50 PM","Microsoft.PowerShell.Core\FileSystem::C:\Users\ynotf\.mavis\sessions\mvs_173a60b402be48448c6c60b56a6722cb"
"mvs_08c2383f1a124bb69d60f86666ffb682","6/7/2026 1:04:18 PM","Microsoft.PowerShell.Core\FileSystem::C:\Users\ynotf\.mavis\sessions\mvs_08c2383f1a124bb69d60f86666ffb682"
"mvs_5912fb2d44c446029cc88cda7a390124","6/6/2026 10:57:07 PM","Microsoft.PowerShell.Core\FileSystem::C:\Users\ynotf\.mavis\sessions\mvs_5912fb2d44c446029cc88cda7a390124"
"mvs_e79e0fc6e9bc4468a9dc89a0c8a53b40","6/6/2026 10:57:05 PM","Microsoft.PowerShell.Core\FileSystem::C:\Users\ynotf\.mavis\sessions\mvs_e79e0fc6e9bc4468a9dc89a0c8a53b40"
"mvs_92c33998db564ef6a85d57d79a2667e7","6/6/2026 10:57:03 PM","Microsoft.PowerShell.Core\FileSystem::C:\Users\ynotf\.mavis\sessions\mvs_92c33998db564ef6a85d57d79a2667e7"
"mvs_6e405892cce3437fa2ae15b6c8cee9d7","6/6/2026 10:56:50 PM","Microsoft.PowerShell.Core\FileSystem::C:\Users\ynotf\.mavis\sessions\mvs_6e405892cce3437fa2ae15b6c8cee9d7"
"mvs_1f1d3d7fcaa64955ab1127604d378a6c","6/6/2026 10:53:40 PM","Microsoft.PowerShell.Core\FileSystem::C:\Users\ynotf\.mavis\sessions\mvs_1f1d3d7fcaa64955ab1127604d378a6c"
"mvs_9708c24c841c424b889316fbaee441b5","6/6/2026 10:50:51 PM","Microsoft.PowerShell.Core\FileSystem::C:\Users\ynotf\.mavis\sessions\mvs_9708c24c841c424b889316fbaee441b5"
"mvs_623bab2a2ad647569e8ed31d18f02c34","6/6/2026 9:42:18 PM","Microsoft.PowerShell.Core\FileSystem::C:\Users\ynotf\.mavis\sessions\mvs_623bab2a2ad647569e8ed31d18f02c34"
"mvs_7713ea78c173496592533b7e63d5192a","6/6/2026 9:42:18 PM","Microsoft.PowerShell.Core\FileSystem::C:\Users\ynotf\.mavis\sessions\mvs_7713ea78c173496592533b7e63d5192a"
"mvs_f023522c0586403cbb470c0b52061157","6/6/2026 9:42:18 PM","Microsoft.PowerShell.Core\FileSystem::C:\Users\ynotf\.mavis\sessions\mvs_f023522c0586403cbb470c0b52061157"
"mvs_22b35a5b439041a2904cbffed8d91f2c","6/6/2026 9:42:08 PM","Microsoft.PowerShell.Core\FileSystem::C:\Users\ynotf\.mavis\sessions\mvs_22b35a5b439041a2904cbffed8d91f2c"
"mvs_94668acde0cb4c49a33cb6ba4dab167e","6/6/2026 9:38:59 PM","Microsoft.PowerShell.Core\FileSystem::C:\Users\ynotf\.mavis\sessions\mvs_94668acde0cb4c49a33cb6ba4dab167e"
"mvs_e20a0a4c900a4c57b2ccabb75a9395ec","6/6/2026 9:38:59 PM","Microsoft.PowerShell.Core\FileSystem::C:\Users\ynotf\.mavis\sessions\mvs_e20a0a4c900a4c57b2ccabb75a9395ec"
"mvs_f44b0a69cdf64b349b14edb907e0da5c","6/6/2026 9:38:59 PM","Microsoft.PowerShell.Core\FileSystem::C:\Users\ynotf\.mavis\sessions\mvs_f44b0a69cdf64b349b14edb907e0da5c"
"mvs_3c9b2a2429294d97b253a69bae88839b","6/6/2026 9:38:42 PM","Microsoft.PowerShell.Core\FileSystem::C:\Users\ynotf\.mavis\sessions\mvs_3c9b2a2429294d97b253a69bae88839b"
"mvs_7be45bbcca4f44c0a635d485592a849f","6/6/2026 9:05:21 PM","Microsoft.PowerShell.Core\FileSystem::C:\Users\ynotf\.mavis\sessions\mvs_7be45bbcca4f44c0a635d485592a849f"
"mvs_ab0665f76c304c65a5f1bc24fc6ddbdd","6/6/2026 2:55:33 PM","Microsoft.PowerShell.Core\FileSystem::C:\Users\ynotf\.mavis\sessions\mvs_ab0665f76c304c65a5f1bc24fc6ddbdd"
"mvs_b770b9039e214b458c006975de015ccd","6/1/2026 11:33:48 PM","Microsoft.PowerShell.Core\FileSystem::C:\Users\ynotf\.mavis\sessions\mvs_b770b9039e214b458c006975de015ccd"
"mvs_69bcc9a276ff480eabf0ae559dafec32","6/1/2026 11:33:48 PM","Microsoft.PowerShell.Core\FileSystem::C:\Users\ynotf\.mavis\sessions\mvs_69bcc9a276ff480eabf0ae559dafec32"
"mvs_804a1b90167848d4bc0d654c5cd96359","6/1/2026 11:33:48 PM","Microsoft.PowerShell.Core\FileSystem::C:\Users\ynotf\.mavis\sessions\mvs_804a1b90167848d4bc0d654c5cd96359"
"mvs_4f3b3a23ec00424cb9ff92b3d9b19c48","6/1/2026 11:33:48 PM","Microsoft.PowerShell.Core\FileSystem::C:\Users\ynotf\.mavis\sessions\mvs_4f3b3a23ec00424cb9ff92b3d9b19c48"
